opening_eco,opening_name
B03,Alekhine Defense: Four Pawns Attack
B00,Owen Defense
B15,Caro-Kann Defense: Tartakower Variation
C60,Ruy Lopez: Cozio Defense
B06,Modern Defense: Standard Defense
B12,Caro-Kann Defense: Advance Variation |  Van der Wiel Attack
B10,Caro-Kann Defense: Accelerated Panov Attack #2
A06,Nimzowitsch-Larsen Attack
C36,King's Gambit Accepted |  Modern Defense
B48,Sicilian Defense: Paulsen Variation |  Bastrikov Variation |  English Attack
D25,Queen's Gambit Accepted: Deferred Variation
A04,Reti Opening #2
C24,Bishop's Opening: Urusov Gambit
C07,French Defense: Tarrasch Variation |  Open System
C45,Scotch Game: Scotch Gambit |  Kingside Variation
B02,Alekhine Defense: John Tracy Gambit
E17,Queen's Indian Defense: Classical Variation |  Polugaevsky Gambit
C00,French Defense: Horwitz Attack |  Papa-Ticulat Gambit
C00,French Defense: Alapin Gambit
D21,Queen's Gambit Accepted: Rosenthal Variation
C01,French Defense: Exchange Variation |  Svenonius Variation
D31,Semi-Slav Defense: Accelerated Move Order
C48,Four Knights Game: Spanish Variation |  Rubinstein Variation
A46,Torre Attack
A09,Reti Opening
C25,Vienna Game: Anderssen Defense
C43,Russian Game: Modern Attack
C45,Scotch Game: Steinitz Variation
C68,Ruy Lopez: Exchange |  Alekhine Variation
A13,English Opening: Agincourt Defense #3
B00,Nimzowitsch Defense: Kennedy Variation
C37,King's Gambit Accepted |  King's Knight Gambit
A40,Horwitz Defense
B96,Sicilian Defense: Najdorf Variation
C42,Petrov's Defense #2
D12,Slav Defense: Quiet Variation |  Schallopp Defense
A00,Gedult's Opening
C22,Center Game: Normal Variation
C46,Three Knights Opening
D85,Gruenfeld Defense: Exchange Variation
C65,Ruy Lopez: Berlin Defense |  Beverwijk Variation
B03,Alekhine Defense: Balogh Variation
C12,French Defense: MacCutcheon Variation |  Chigorin Variation
C69,Ruy Lopez: Exchange Variation |  Gligoric Variation
C01,French Defense: Winawer Variation |  Delayed Exchange Variation
B08,Pirc Defense: Classical Variation |  Quiet System |  Czech Defense
A41,Rat Defense: English Rat
C00,French Defense: Queen's Knight
A84,Dutch Defense: Normal Variation
C18,French Defense: Winawer Variation |  Advance Variation
D20,Queen's Gambit Accepted: Accelerated Mannheim Variation
B50,Sicilian Defense: Wing Gambit |  Deferred Variation
E10,Blumenfeld Countergambit #2
B24,Sicilian Defense: Closed
C21,Danish Gambit Accepted |  Classical Defense
B12,Caro-Kann Defense: Ulysses Gambit
B06,Modern Defense: Pseudo-Austrian Attack
opening_eco,opening_name
C41,Philidor Defense: Larsen Variation
A27,English Opening: King's English Variation |  Three Knights System
A00,Grob Opening
B80,Sicilian Defense: Scheveningen Variation |  English Attack
B28,Sicilian Defense: O'Kelly Variation |  Venice System |  Ljubojevic Line
A45,Indian Game: Pawn Push Variation
B40,Sicilian Defense: Kramnik Variation
C51,Italian Game: Evans Gambit |  Harding Variation
C00,French Defense: Two Knights Variation
E27,Nimzo-Indian Defense: Saemisch Variation
B02,Alekhine Defense: Krejcik Variation
B33,Sicilian Defense: Lasker-Pelikan Variation |  Retreat Variation
B21,Sicilian Defense: Smith-Morra Gambit Declined |  Center Formation
A43,Benoni Defense: Old Benoni
C41,Philidor Defense #3
C88,Ruy Lopez: Closed Variations |  Rosen Attack
C31,King's Gambit |  Falkbeer Countergambit Accepted
D06,Queen's Gambit Refused: Austrian Attack |  Salvio Countergambit
B77,Sicilian Defense: Dragon Variation |  Yugoslav Attack #2
C89,Ruy Lopez: Marshall Attack |  Modern Main Line
B07,Rat Defense: Balogh Defense
C02,French Defense: Advance Variation |  Nimzowitsch Gambit
C00,French Defense: Wing Gambit
C48,Four Knights Game: Rubinstein Countergambit |  Henneberger Variation
B15,Caro-Kann Defense: Alekhine Gambit
C07,French Defense: Tarrasch Variation |  Open System |  Euwe-Keres Line
B21,Sicilian Defense: Smith-Morra Gambit Accepted |  Morphy Defense
C42,Russian Game: Damiano Variation |  Kholmov Gambit
B53,Sicilian Defense: Modern Variations |  Tartakower
D20,Queen's Gambit Accepted: Saduleto Variation
A04,Zukertort Opening: Kingside Fianchetto
E98,King's Indian Defense: Orthodox Variation |  Classical System
D20,Queen's Gambit Accepted: Central Variation |  Rubinstein Defense
B23,Sicilian Defense: Closed #2
B93,Sicilian Defense: Najdorf Variation |  Amsterdam Variation
D31,Queen's Gambit Declined: Queen's Knight Variation
B90,Sicilian Defense: Najdorf Variation |  English Attack
C02,French Defense: Advance Variation |  Nimzowitsch Attack
C53,Italian Game: Classical Variation |  Albin Gambit
A84,Dutch Defense: Rubinstein Variation
C02,French Defense: Advance Variation |  Lputian Variation
C50,Italian Game: Giuoco Pianissimo |  Italian Four Knights Variation
C46,Four Knights Game
C14,French Defense: Classical Variation |  Steinitz Variation
B01,Scandinavian Defense: 2.b3
C30,King's Gambit Declined |  Classical Variation
A41,Queen's Pawn Game: Anglo-Slav Opening
C00,French Defense: Banzai-Leong Gambit
B25,Sicilian Defense: Closed Variation
C44,King's Knight Opening: Konstantinopolsky
D00,Queen's Pawn Game: Stonewall Attack
D00,Queen's Pawn Game: Steinitz Countergambit
C57,Italian Game: Two Knights Defense |  Lolli Attack
A40,Australian Defense
C27,Vienna Game #2
E52,Nimzo-Indian Defense: Normal Variation |  Schlechter Defense
C55,Italian Game: Two Knights Defense |  Modern Bishop's Opening
D52,Queen's Gambit Declined
D87,Gruenfeld Defense: Exchange Variation |  Spassky Variation
B28,Sicilian Defense: O'Kelly Variation
B34,Sicilian Defense: Accelerated Dragon |  Exchange Variation
B14,Caro-Kann Defense: Panov Attack
B27,Sicilian Defense: Hyperaccelerated Pterodactyl
C01,French Defense: Exchange Variation |  Monte Carlo Variation
C21,Center Game Accepted
B28,Sicilian Defense: O'Kelly Variation |  Normal System |  Taimanov Line
A30,English Opening: Symmetrical Variation
D93,Gruenfeld Defense: Three Knights Variation |  Hungarian Variation
C00,French Defense: Bird Invitation
C40,King's Pawn Game: Gunderam Gambit
A80,Dutch Defense: Alapin Variation
C00,French Defense #2
B08,Pirc Defense: Classical Variation |  Quiet System |  Chigorin Line
C41,Philidor Defense: Hanham Variation
C31,King's Gambit |  Falkbeer Countergambit |  Staunton Line
C55,Italian Game: Scotch Gambit |  Janowski Defense
D40,Queen's Gambit Declined: Semi-Tarrasch Defense |  Pillsbury Variation
C70,Ruy Lopez: Morphy Defense |  Cozio Defense
C30,King's Gambit Declined |  Petrov's Defense
C68,Ruy Lopez: Exchange Variation |  Keres Variation
D46,Semi-Slav Defense: Main Line
D03,Queen's Pawn Game: Torre Attack |  Gruenfeld Variation
C44,King's Pawn Game: Pachman Wing Gambit
C33,King's Gambit Accepted |  Polerio Gambit
B08,Pirc Defense: Classical Variation |  Quiet System
D45,Semi-Slav Defense: Stoltz Variation |  Center Variation
C67,Ruy Lopez: Berlin Defense |  Rosenthal Variation
B10,Caro-Kann Defense #2
C78,Ruy Lopez: Closed Variations |  Morphy Attack
A13,English Opening: Agincourt Defense |  Catalan Defense
C31,King's Gambit |  Falkbeer Countergambit |  Hinrichsen Gambit
A00,Mieses Opening: Reversed Rat
E17,Queen's Indian Defense: Classical Variation |  Tiviakov Defense
C68,Ruy Lopez: Columbus Variation
E53,Nimzo-Indian Defense: Normal Variation |  Gligoric System
D37,Queen's Gambit Declined: Barmen Variation
B56,Sicilian Defense: Modern Variations
D30,Queen's Gambit Declined: Capablanca
A41,Old Indian Defense
D51,Queen's Gambit Declined: Modern |  Knight Defense
C18,French Defense: Winawer Variation |  Advance Variation #2
B77,Sicilian Defense: Dragon Variation |  Yugoslav Attack
D44,Queen's Gambit Declined: Vienna Variation |  Quiet Variation
B01,Scandinavian Defense: Blackburne-Kloosterboer Gambit
C53,Italian Game: Classical Variation |  Center Attack
C91,Ruy Lopez: Closed Variations |  Yates Variation |  Short Attack
C45,Scotch Game: Haxo Gambit
B54,Sicilian Defense: Prins Variation
B40,Sicilian Defense: Pin Variation
B01,Scandinavian Defense: Portuguese Variation
C42,Petrov's Defense #4
D07,Queen's Gambit Refused: Chigorin Defense #3
C50,Italian Game: Schilling-Kostic Gambit
B21,Sicilian Defense: Morphy Gambit |  Andreaschek Gambit
C33,King's Gambit Accepted |  Bishop's Gambit |  Maurian Defense
E61,Indian Game: West Indian Defense
C53,Italian Game: Classical Variation |  Closed Variation
C42,Russian Game: Karklins-Martinovsky Variation
B80,Sicilian Defense: Scheveningen Variation |  English Attack #2
B13,Caro-Kann Defense: Panov Attack |  Gunderam Attack
C55,Italian Game: Anti-Fried Liver Defense
A00,Hungarian Opening: Indian Defense
C44,Scotch Game: Scotch Gambit |  Dubois Reti Defense
A42,Modern Defense: Averbakh System |  Kotov Variation
E81,King's Indian Defense: Saemisch Variation |  Normal Defense
D91,Gruenfeld Defense: Three Knights Variation |  Petrosian System
D34,Tarrasch Defense: Classical Variation |  Advance Variation
C33,King's Gambit Accepted
C41,Philidor Defense: Paulsen Attack
B07,Rat Defense: Harmonist
C52,Italian Game: Evans Gambit |  Pierce Defense
C81,Ruy Lopez: Open Variations |  Howell Attack #2
D37,Queen's Gambit Declined: Harrwitz Attack |  Orthodox Defense
D35,Queen's Gambit Declined: Harrwitz Attack
D15,Slav Defense: Geller Gambit #2
B10,Caro-Kann Defense: Masi Variation
A40,English Defense
A09,Reti Opening: Advance Variation
A40,Englund Gambit Complex: Hartlaub-Charlick Gambit
C47,Four Knights Game: Scotch Variation
E35,Nimzo-Indian Defense: Classical |  Noa Variation |  5.cxd5 exd5
D00,Queen's Pawn Opening: Veresov Attack |  Irish Gambit
B15,Caro-Kann Defense: von Hennig Gambit
E21,Nimzo-Indian Defense: Three Knights Variation |  Duchamp Variation
D53,Queen's Gambit Declined: Modern Variation |  Heral Variation
C56,Italian Game: Scotch Gambit |  Max Lange Attack |  Spielmann Defense
A43,Franco-Benoni Defense
B40,Sicilian Defense: Pin Variation |  Koch Variation
C46,Four Knights Game: Halloween Gambit
B10,Caro-Kann Defense: Accelerated Panov Attack
C44,King's Pawn Game: Tayler Opening
D15,Slav Defense: Three Knights Variation
D36,Queen's Gambit Declined: Exchange Variation |  Reshevsky Variation
D31,Semi-Slav Defense: Marshall Gambit
C44,Ponziani Opening: Jaenisch Counterattack
C42,Russian Game: Classical Attack |  Chigorin Variation
C55,Italian Game: Two Knights Defense |  Max Lange Attack
C41,Philidor Defense: Philidor Countergambit |  Zukertort Variation
C44,King's Pawn Game: Dresden Opening
C55,Italian Game: Two Knights Defense #2
C60,Ruy Lopez: Schliemann Defense |  Jaenisch Gambit Accepted
B01,Scandinavian Defense: Richter Variation
E80,King's Indian Defense: Saemisch Variation
C20,King's Pawn Game: Tortoise Opening
B51,Sicilian Defense: Canal-Sokolsky Attack
A04,Reti Opening
C06,French Defense: Tarrasch Variation |  Closed Variation |  Main Line
C13,French Defense: Alekhine-Chatard Attack |  Breyer Variation
B06,Modern Defense: Two Knights Variation
A01,Nimzo-Larsen Attack: English Variation
B00,Nimzowitsch Defense: Mikenas Variation
D60,Queen's Gambit Declined: Orthodox Defense
E54,Nimzo-Indian Defense: Panov Attack |  Main Line
C70,Ruy Lopez: Morphy Defense |  Classical Defense Deferred
D01,Queen's Pawn Game: Chigorin Variation
C08,French Defense: Tarrasch |  Open |  4.exd5 exd5
B19,Caro-Kann Defense: Classical Variation |  Lobron System
B01,Scandinavian Defense: Modern Variation |  Gipslis Variation
C55,Italian Game: Scotch Gambit |  Max Lange Attack
B00,Nimzowitsch Defense: Kennedy Variation |  de Smet Gambit
B08,Pirc Defense: Classical Variation
E61,King's Indian Defense: 3.Nc3
A46,Torre Attack: Classical Defense |  Nimzowitsch Variation
C40,King's Knight Opening
A07,King's Indian Attack: Sicilian Variation
A48,Torre Attack
D02,Queen's Pawn Game: Krause Variation
B09,Pirc Defense: Austrian Attack
D31,Queen's Gambit Declined: Alapin Variation
B41,Sicilian Defense: Kan Variation |  Maroczy Bind |  Reti Variation
B17,Caro-Kann Defense: Karpov Variation
D38,Queen's Gambit Declined: Ragozin Defense |  Alekhine Variation
E94,King's Indian Defense: Orthodox Variation |  Positional Defense |  Closed Line
A40,Englund Gambit Complex: Englund Gambit
C53,Italian Game: Classical Variation #2
A23,English Opening: King's English Variation |  Two Knights Variation |  Keres Variation
B00,St. George Defense: Zilbermints Gambit
B20,Sicilian Defense: Snyder Variation
E00,Indian Game: East Indian Defense
B76,Sicilian Defense: Dragon Variation |  Yugoslav Attack |  Panov Variation
D78,Neo-Gruenfeld Defense: Classical Variation |  Modern Defense
C44,Scotch Gambit
A00,Polish Opening: King's Indian Variation |  Schiffler Attack
B52,Sicilian Defense: Canal Attack |  Main Line
B21,Sicilian Defense: McDonnell Attack
C24,Bishop's Opening: Berlin Defense
D78,Neo-Gruenfeld Defense: Classical Variation |  Polgar Variation
C39,King's Gambit Accepted |  Kieseritzky Gambit |  Kolisch Defense
B19,Caro-Kann Defense: Classical |  Spassky Variation
D00,Blackmar-Diemer Gambit: Vienna Variation
E94,King's Indian Defense: Orthodox Variation |  Positional Defense
B02,Alekhine Defense: Two Pawn Attack |  Lasker Variation
C40,Latvian Gambit: Mlotkowski Variation
E32,Nimzo-Indian Defense: Classical Variation |  Keres Defense
A41,Modern Defense
B07,Pirc Defense: Kholmov System
B32,Sicilian Defense: Godiva Variation
C25,Vienna Game: Paulsen Variation
E73,King's Indian Defense: Averbakh Variation |  Geller Defense
A28,English Opening: Four Knights System |  Nimzowitsch Variation
D85,Gruenfeld Defense: Exchange Variation |  Modern Exchange Variation
D94,Gruenfeld Defense: Three Knights Variation |  Paris Variation
A70,Benoni Defense: Classical Variation
C20,King's Pawn Game: Wayward Queen Attack |  Kiddie Countergambit
B56,Sicilian Defense: Classical Variation
D02,Queen's Gambit Refused: Baltic Defense |  Pseudo-Slav
A42,Sicilian Defense: Hyperaccelerated Fianchetto
C48,Four Knights Game: Spanish Variation |  Rubinstein Variation Accepted
B32,Sicilian Defense: Open #3
C20,King's Pawn Game: Bavarian Gambit
D20,Queen's Gambit Accepted: Central Variation |  Rubinstein Defense |  Yefimov Gambit
D04,Queen's Pawn Game: Colle System |  Anti-Colle
B06,Modern Defense: Lizard Defense |  Mittenberger Gambit
B40,Sicilian Defense: French Variation |  Normal
A08,King's Indian Attack
C30,King's Gambit Accepted |  Dodo Variation
C52,Italian Game: Evans Gambit |  Anderssen Defense
E94,King's Indian Defense: Orthodox Variation
A00,Polish Opening: Dutch Defense
E50,Nimzo-Indian Defense: Normal Variation |  Huebner Deferred
C51,Italian Game: Evans Gambit |  Morphy Attack
C13,French Defense: Classical Variation |  Normal Variation
A00,Polish Opening: Queen's Indian Variation
C10,French Defense: Paulsen Variation
C00,Queen's Pawn Game: Franco-Sicilian Defense
C20,Portuguese Opening
B62,Sicilian Defense: Richter-Rauzer Variation |  Vitolins Variation
D00,Blackmar-Diemer Gambit Declined |  Brombacher Countergambit
E63,King's Indian Defense: Fianchetto Variation |  Panno Variation
C70,Ruy Lopez: Morphy Defense |  Graz Variation
C00,St. George Defense
A10,English Opening: Great Snake Variation
A10,English Opening
B21,Sicilian Defense: Smith-Morra Gambit Accepted |  Fianchetto Defense
D41,Queen's Gambit Declined: Semi-Tarrasch Defense |  Exchange Variation
C16,French Defense: Winawer Variation |  Advance Variation
A18,English Opening: Mikenas-Carls Variation
C14,French Defense: Classical Variation |  Pollock Variation
C45,Scotch Game: Blumenfeld Attack
A01,Nimzo-Larsen Attack: Modern Variation #4
C90,Ruy Lopez: Closed Variations |  Pilnik Variation
A60,Benoni Defense: Modern Variation
B34,Sicilian Defense: Accelerated Dragon |  Modern Variation
B06,Modern Defense: Mongredien Defense #2
C42,Russian Game: Classical Attack |  Mason Variation
C37,King's Gambit Accepted |  Ghulam-Kassim Gambit
A25,English Opening: King's English Variation |  Taimanov Variation
C28,Bishop's Opening: Vienna Hybrid
C25,Vienna Game: Omaha Gambit
C40,Latvian Gambit: Mason Countergambit
E91,King's Indian Defense: Orthodox Variation
C40,King's Pawn Game: McConnell Defense
A20,English Opening: King's English Variation
B01,Scandinavian Defense
C01,French Defense: Mediterranean Defense
C41,Philidor Defense: Lopez Countergambit
E56,Nimzo-Indian Defense: Normal Variation |  Gligoric System |  Bernstein Defense
B27,Sicilian Defense
A57,Benko Gambit Accepted |  Pawn Return Variation
E92,King's Indian Defense: Petrosian Variation |  Stein Defense
A00,Creepy Crawly Formation: Classical Defense
B21,Sicilian Defense: Smith-Morra Gambit Accepted |  Kan Formation
C00,French Defense: King's Indian Attack
A02,Bird Opening: Dutch Variation |  Dudweiler Gambit
C30,King's Gambit
B43,Sicilian Defense: Kan Variation |  Wing Attack
B10,Caro-Kann Defense: Accelerated Panov Attack |  Open Variation
E20,Nimzo-Indian Defense
B00,Carr Defense
C57,Italian Game: Two Knights Defense |  Knight Attack
C23,Bishop's Opening: Calabrese Countergambit
C51,Italian Game: Evans Gambit |  Anderssen Variation
C60,Ruy Lopez: Fianchetto Defense
A16,English Opening: Anglo-Indian Defense |  Anglo-Gruenfeld Variation #3
A35,English Opening: Symmetrical Variation |  Two Knights Variation
E16,Queen's Indian Defense: Capablanca Variation
D41,Queen's Gambit Declined: Semi-Tarrasch |  San Sebastian Variation
B44,Sicilian Defense: Paulsen Variation
C42,Petrov's Defense
D00,Blackmar-Diemer Gambit: von Popiel Gambit
D10,Slav Defense
C20,English Opening: The Whale
A00,Hungarian Opening: Sicilian Invitation
C20,King's Pawn Game: Napoleon Attack
B12,Caro-Kann Defense: Advance Variation |  Bayonet Attack
B00,Nimzowitsch Defense: Kennedy Variation |  Linksspringer Variation
C46,Four Knights Game: Italian Variation
B11,Caro-Kann Defense: Two Knights Attack |  Mindeno Variation |  Exchange Line
A47,Queen's Indian Defense
C49,Four Knights Game: Spanish Variation |  Symmetrical Variation #3
A00,Polish Opening: Bugayev Attack
A52,Budapest Defense: Rubinstein Variation
C00,French Defense
D37,Queen's Gambit Declined: Three Knights Variation
C42,Russian Game: Classical Attack
A07,King's Indian Attack: Keres Variation #2
D11,Slav Defense: Modern Line
D20,Queen's Gambit Accepted: Central Variation |  Modern Defense
C41,Philidor Defense: Exchange Variation #3
A40,Mikenas Defense: Cannstatter Variation
A38,English Opening: Symmetrical Variation |  Full Symmetry Line
D47,Semi-Slav Defense: Meran Variation |  Wade Variation
C23,Bishop's Opening: Berlin Defense |  Greco Gambit
B18,Caro-Kann Defense: Classical Variation |  Main Line
C89,Ruy Lopez: Marshall Attack |  Modern Variation
C11,French Defense: Classical Variation |  Delayed Exchange Variation
C42,Russian Game: Millennium Attack
A21,English Opening: King's English Variation
C42,Russian Game: Urusov Gambit
A22,English Opening: King's English Variation |  Two Knights Variation
C65,Ruy Lopez: Berlin Defense
A50,Indian Game: Normal Variation
E10,Indian Game: Anti-Nimzo-Indian
E77,King's Indian Defense: Four Pawns Attack |  Normal Attack
D15,Slav Defense: Schlechter Variation
E70,King's Indian Defense: Accelerated Averbakh Variation
B54,Sicilian Defense
D02,Queen's Pawn Game: Symmetrical Variation
B09,Pirc Defense: Austrian Attack |  Kurajica Variation
C41,Philidor Defense #2
B80,Sicilian Defense: Scheveningen Variation
C02,French Defense: Advance Variation |  Nimzowitsch System
B41,Sicilian Defense: Kan Variation |  Maroczy Bind |  Hedgehog Variation
C01,French Defense: Carlson Gambit
D55,Queen's Gambit Declined: Neo-Orthodox Variation
C22,Center Game: Hall Variation
C12,French Defense: MacCutcheon Variation |  Exchange Variation
C30,King's Gambit Declined: Classical |  Soldatenkov Variation
E44,Nimzo-Indian Defense: Fischer Variation
A80,Dutch Defense: Korchnoi Attack
C20,Bishop's Opening: Boi Variation
B43,Sicilian Defense: Kan Variation |  Knight Variation
C54,Italian Game: Classical Variation |  Greco Gambit |  Traditional Line
C23,Bishop's Opening: Philidor Counterattack
D07,Queen's Gambit Refused: Chigorin Defense #2
B10,Caro-Kann Defense: Two Knights Attack
E21,Nimzo-Indian Defense: Three Knights Variation
B70,Sicilian Defense: Dragon Variation
B01,Scandinavian Defense: Gubinsky-Melts Defense
E68,King's Indian |  Fianchetto |  Classical Variation |  8.e4
A40,Mikenas Defense
D20,Queen's Gambit Accepted: Central Variation |  McDonnell Defense
C11,French Defense: Classical Variation |  Swiss Variation
A56,Benoni Defense
D13,Slav Defense: Exchange Variation
A89,Dutch Defense: Leningrad Variation |  Matulovic Variation
C48,Four Knights Game: Spanish Variation |  Classical Variation
C00,French Defense: Schlechter Variation
D07,Queen's Gambit Refused: Chigorin Defense |  Janowski Variation
D35,Queen's Gambit Declined: Exchange Variation |  Positional Variation #2
B72,Sicilian Defense: Dragon |  6.Be3
B03,Alekhine Defense: Exchange Variation
C33,King's Gambit Accepted |  Bishop's Gambit |  Bogoljubov Variation
C07,French Defense: Tarrasch Variation |  Chistyakov Defense
A83,Dutch Defense: Staunton Gambit |  Nimzowitsch Variation
E10,Blumenfeld Countergambit Accepted
B83,Sicilian Defense: Scheveningen Variation |  Modern Variation
B03,Alekhine Defense
C40,Latvian Gambit Accepted
A21,English Opening: King's English Variation |  Keres Defense
B10,Caro-Kann Defense: Accelerated Panov Attack |  Modern Variation
A01,Nimzo-Larsen Attack: Modern Variation #2
C51,Italian Game: Jerome Gambit
B00,Hippopotamus Defense #2
A43,Benoni Defense: Benoni Gambit |  Schlenker Defense
C60,Ruy Lopez: Vinogradov Variation
C88,Ruy Lopez: Closed
A46,Indian Game: Spielmann-Indian
C54,Italian Game: Classical Variation |  Greco Gambit |  Moeller-Therkatz Attack
C50,Italian Game: Rosentreter Gambit
D21,Queen's Gambit Accepted: Normal Variation
C21,Center Game: Kieseritzky Variation #2
B20,Sicilian Defense
A56,Benoni Defense: Czech Benoni Defense
C57,Italian Game: Two Knights Defense |  Fried Liver Attack
C26,Vienna Game: Mieses Variation
D31,Semi-Slav Defense: Noteboom Variation
E76,King's Indian Defense: Four Pawns Attack |  Dynamic Attack
C47,Four Knights Game: Italian Variation |  Noa Gambit
C44,Scotch Game: Scotch Gambit |  Cochrane-Anderssen Variation
C01,French Defense: Baeuerle Gambit
B28,Sicilian Defense: O'Kelly Variation |  Yerevan System
B88,Sicilian Defense: Sozin Attack |  Leonhardt Variation
B02,Alekhine Defense: The Squirrel
D03,Queen's Pawn Game: Torre Attack |  Gruenfeld Variation |  Main Line
C79,Ruy Lopez: Central Countergambit
E46,Nimzo-Indian Defense: Reshevsky Variation
A11,English Opening: Caro-Kann Defensive System
B01,Scandinavian Defense: Boehnke Gambit
E51,Nimzo-Indian Defense: Normal Variation |  Ragozin Variation
C35,King's Gambit Accepted |  Cunningham Defense
E61,King's Indian Defense
D00,Blackmar-Diemer Gambit
A00,Van Geet Opening
A00,Polish Opening
A41,Rat Defense: English Rat |  Lisbon Gambit
C51,Italian Game: Evans Gambit Declined |  Cordel Variation
B18,Caro-Kann Defense: Classical Variation |  Flohr Variation
C00,French Defense: Reti-Spielmann Attack
A00,Grob Opening: Spike |  Hurst Attack
C55,Italian Game: Scotch Gambit |  de Riviere Defense
C45,Scotch Game
C41,Philidor Defense: Bird Gambit
B12,Caro-Kann Defense
C03,French Defense: Tarrasch Variation |  Morozevich Variation
C78,Ruy Lopez: Morphy Defense |  Neo-Arkhangelsk Variation
B09,Pirc Defense: Austrian Attack |  Dragon Formation
A51,Indian Game: Budapest Defense
B01,Scandinavian Defense: Classical Variation
A52,Budapest Defense: Adler Variation
B23,Sicilian Defense: Closed Variation |  Korchnoi Defense
B02,Alekhine Defense
C78,Ruy Lopez: Closed Variations |  Martinez Variation
A40,Modern Defense
C24,Bishop's Opening: Urusov Gambit |  Keidansky Gambit
C46,Three Knights Opening #2
A50,Mexican Defense: Horsefly Gambit
C53,Italian Game: Classical Variation |  La Bourdonnais Variation
A00,Polish Opening: Bugayev Advance Variation
A15,English Opening: Anglo-Indian Defense |  Queen's Indian Formation
D14,Slav Defense: Exchange Variation |  Symmetrical Line
A00,Polish Opening: Birmingham Gambit
B00,Nimzowitsch Defense: Pseudo-Spanish Variation
A34,English Opening: Symmetrical Variation |  Fianchetto Variation
C41,Philidor Defense: Steinitz Variation
A44,Old Benoni Defense
B02,Alekhine Defense: Maroczy Variation
C64,Ruy Lopez: Classical Variation |  Central Variation
B39,Sicilian Defense: Accelerated Dragon |  Maroczy Bind |  Breyer Variation
D11,Slav Defense: Bonet Gambit
C26,Vienna Game: Stanley Variation |  Reversed Spanish
C42,Russian Game: Damiano Variation
A40,Englund Gambit Complex: Soller Gambit
D00,Queen's Pawn Game: Mason Attack
C53,Italian Game: Classical Variation |  Giuoco Pianissimo
E24,Nimzo-Indian Defense: Saemisch Variation |  Accelerated
C43,Russian Game: Modern Attack |  Center Attack
C21,Center Game: Kieseritzky Variation #4
A00,Clemenz Opening
C24,Bishop's Opening: Warsaw Gambit
B84,Sicilian Defense: Scheveningen Variation |  Classical Variation
D19,Queen's Gambit Declined: Slav |  Dutch Variation
D05,Colle System: Traditional Colle
B60,Sicilian Defense: Richter-Rauzer Variation
C77,Ruy Lopez: Morphy Defense |  Wormald Attack
D90,Gruenfeld Defense: Three Knights Variation #2
C55,Italian Game: Two Knights Defense
D31,Queen's Gambit Declined: Janowski Variation
A24,English Opening: King's English Variation |  Two Knights Variation |  Fianchetto Line
A45,Trompowsky Attack
A30,English Opening: Symmetrical Variation |  Hedgehog Defense
D01,Queen's Pawn Game: Veresov Attack |  Classical Defense
D82,Gruenfeld Defense: Brinckmann Attack
C02,French Defense: Advance Variation
C41,Philidor Defense: Exchange Variation #2
D06,Queen's Gambit Refused: Chigorin Defense |  Lazard Gambit
A13,English Opening: Agincourt Defense |  Catalan Defense |  Semi-Slav Defense
D17,Slav Defense: Czech Variation
C77,Ruy Lopez: Morphy Defense |  Tarrasch Variation
B23,Sicilian Defense: Closed Variation |  Chameleon Variation
E15,Queen's Indian Defense: Fianchetto Variation |  Check Variation
B15,Caro-Kann Defense: Rasa-Studier Gambit
D53,Queen's Gambit Declined: 4.Bg5 Be7
A40,Englund Gambit Declined |  Reversed Krebs
E32,Nimzo-Indian Defense: Classical Variation
C38,King's Gambit Accepted |  Hanstein Gambit
A40,Englund Gambit
C28,Vienna Game: Stanley Variation |  Three Knights Variation
C15,French Defense: Winawer Variation |  Alekhine-Maroczy Gambit
C55,Italian Game: Scotch Gambit |  Walbrodt-Baird Gambit
C02,French Defense: Advance Variation #4
B32,Sicilian Defense: Flohr Variation
D80,Gruenfeld Defense: Stockholm Variation
B21,Sicilian Defense: Smith-Morra Gambit
C31,King's Gambit |  Falkbeer Countergambit |  Nimzowitsch-Marshall Countergambit
A54,Old Indian Defense: Two Knights Variation
B03,Alekhine Defense #3
D00,Amazon Attack
B96,Sicilian Defense: Najdorf Variation |  Neo-Classical Defense
D25,Queen's Gambit Accepted: Normal Variation
C44,Irish Gambit
D12,Slav Defense: Quiet Variation |  Pin Defense
A06,Zukertort Opening: Old Indian Attack
B03,Alekhine Defense: Four Pawns Attack |  6...Nc6
C45,Scotch Game: Potter Variation
C02,French Defense: Advance Variation |  Milner-Barry Gambit
D02,Queen's Gambit Refused: Baltic Defense |  Queen Attack
C44,Scotch Game: Scotch Gambit |  Sarratt Variation
C50,Giuoco Piano
C05,French Defense: Tarrasch Variation |  Closed Variation
C32,King's Gambit |  Falkbeer Countergambit |  Modern Transfer
A34,English Opening: Symmetrical Variation |  Normal Variation
D31,Queen's Gambit Declined: Charousek (Petrosian) Variation
A21,English Opening: King's English Variation |  Kramnik-Shirov Counterattack
B01,Scandinavian Defense: Mieses-Kotroc Variation
B06,Robatsch (Modern) Defense
C70,Ruy Lopez
B40,Sicilian Defense: Wing Gambit Deferred
D02,Queen's Pawn Game: Barry Attack |  Gruenfeld Variation
E20,Nimzo-Indian Defense: Romanishin Variation #2
B56,Sicilian Defense: Venice Attack
C14,French Defense: Classical Variation
B21,Sicilian Defense: Morphy Gambit
D12,Slav Defense: Exchange Variation |  Schallopp Variation
B20,Sicilian Defense: Amazon Attack
B12,Caro-Kann Defense: Advance Variation |  Short Variation
D30,Queen's Gambit Declined: Hastings Variation
C40,Elephant Gambit: Maroczy Gambit
B28,Sicilian Defense: O'Kelly Variation |  Normal System
A54,Old Indian Defense: Ukrainian Variation
A04,Zukertort Opening: Black Mustang Defense
C37,King's Gambit Accepted |  Muzio Gambit |  Sarratt Defense
E00,Kangaroo Defense: Keres Defense |  Transpositional Variation
B00,Nimzowitsch Defense: Lean Variation
C41,Philidor Defense: Morphy Gambit
E71,King's Indian Defense: Makogonov Variation
B84,Sicilian Defense: Najdorf Variation |  Scheveningen Variation
A45,Canard Opening
A03,Bird Opening
B09,Pirc Defense: Austrian Attack |  Weiss Variation
E48,Nimzo-Indian Defense: Normal Variation |  Bishop Attack |  Classical Defense
C05,French Defense: Tarrasch Variation |  Closed Variation #2
A00,Van Geet Opening: Dunst-Perrenet Gambit
C84,Ruy Lopez: Closed Variations
B02,Alekhine Defense: Scandinavian Variation
C57,Italian Game: Two Knights Defense |  Traxler Counterattack |  Bishop Sacrifice Line
B06,Pterodactyl Defense: Western |  Rhamphorhynchus
C00,French Defense: Chigorin Variation
D05,Colle System #2
C20,King's Pawn Game: Mengarini's Opening
D10,Slav Defense #3
C56,Italian Game: Scotch Gambit |  Double Gambit Accepted
E92,King's Indian Defense: Petrosian Variation
A33,English Opening: Symmetrical Variation |  Anti-Benoni Variation |  Spielmann Defense
A16,English Opening: Anglo-Indian Defense |  Anglo-Gruenfeld Variation
D37,Queen's Gambit Declined: Harrwitz Attack
C68,Ruy Lopez: Exchange Variation |  Lutikov Variation
E64,King's Indian Defense: Fianchetto Variation |  Yugoslav System |  without Nc3
C00,Rat Defense: Small Center Defense
C20,King's Pawn Game: King's Head Opening
C47,Four Knights Game: Scotch Variation Accepted
C23,Bishop's Opening: Khan Gambit
A53,Old Indian Defense
E90,King's Indian Defense: Larsen Variation
E11,Bogo-Indian Defense: Gruenfeld Variation
A00,Van Geet Opening: Berlin Gambit
C25,Vienna Game: Zhuravlev Countergambit #2
D06,Queen's Gambit Refused: Marshall Defense
C54,Italian Game: Giuoco Piano |  Aitken Variation
C55,Italian Game: Scotch Gambit Declined #2
D00,Blackmar-Diemer Gambit Declined |  Lamb Defense
D16,Slav Defense: Soultanbeieff Variation
C34,King's Gambit Accepted |  King's Knight Gambit
C46,Four Knights Game: Gunsberg Variation
C43,Russian Game: Modern Attack |  Symmetrical Variation #2
B20,Sicilian Defense: Staunton-Cochrane Variation
E03,Catalan Opening: Open Defense
B76,Sicilian Defense: Dragon Variation |  Yugoslav Attack
A58,Benko Gambit: Zaitsev System
C68,Ruy Lopez: Exchange Variation |  King's Bishop Variation
C56,Italian Game: Scotch Gambit |  Anderssen Attack
B02,Alekhine Defense: Saemisch Attack
D51,Queen's Gambit Declined: Modern |  Knight Defense #3
C72,Ruy Lopez: Morphy Defense |  Modern Steinitz Defense
B00,King's Pawn
B00,St. George Defense: Woodchuck Variation
E72,King's Indian Defense: Normal Variation |  Deferred Fianchetto
D37,Queen's Gambit Declined: Harrwitz Attack |  Two Knights Defense
C00,French Defense: Steinitz Attack
A10,English Opening: Jaenisch Gambit
B25,Sicilian Defense: Closed Variation |  Traditional
C40,Latvian Gambit
D94,Gruenfeld Defense: Three Knights Variation |  Burille Variation
B54,Sicilian Defense #2
D20,Queen's Gambit Accepted: Old Variation
D24,Queen's Gambit Accepted: Gunsberg Defense |  Prianishenmo Gambit
A36,English Opening: Symmetrical Variation |  Fianchetto Variation
B27,Sicilian Defense: Katalimov Variation
A81,Dutch Defense: Fianchetto Attack
A10,English Opening: Anglo-Scandinavian Defense |  Malvinas Variation
A45,Trompowsky Attack: Classical Defense |  Big Center Variation
B20,Sicilian Defense: Wing Gambit |  Marshall Variation
A42,Modern Defense: Averbakh System |  Randspringer Variation
C45,Scotch Game: Fraser Variation
A45,Indian Game: Tartakower Attack
D00,Queen's Pawn Game: Veresov Attack |  Shaviliuk Gambit
C41,Philidor Defense #4
B11,Caro-Kann Defense
C34,King's Gambit Accepted |  Fischer Defense
C41,Philidor Defense: Lion Variation
D02,Queen's Pawn Game: Symmetrical Variation |  Pseudo-Catalan
B09,Pirc Defense: Austrian Attack #2
B27,Sicilian Defense: Mongoose Variation
D59,Queen's Gambit Declined: Tartakower Defense |  Makogonov Exchange Variation
A48,Indian Game: Colle System |  King's Indian Variation
A07,King's Indian Attack: Pachman System
A20,English Opening: King's English Variation |  Nimzowitsch Variation
B02,Alekhine Defense: Normal Variation
C75,Ruy Lopez: Morphy Defense |  Modern Steinitz Defense #2
C41,Philidor Defense: Nimzowitsch Variation
C58,Italian Game: Two Knights Defense |  Polerio Defense |  Bishop Check Line
D43,Semi-Slav Defense
D00,Blackmar-Diemer Gambit Declined |  Weinsbach Declination
C47,Four Knights Game: Scotch Variation |  Belgrade Gambit
D00,Blackmar-Diemer Gambit: Euwe Defense
B06,Modern Defense: Three Pawns Attack
B33,Sicilian Defense: Lasker-Pelikan Variation |  Sveshnikov Variation |  Chelyabinsk Variation
C50,Italian Game: Giuoco Pianissimo |  Normal
B06,Modern Defense: Geller's System
A58,Benko Gambit Accepted |  Fully Accepted Variation
D76,Neo-Gruenfeld Defense: Delayed Exchange Variation
C42,Petrov's Defense #3
C31,King's Gambit Declined: Falkbeer |  Milner-Barry Variation
E15,Queen's Indian Defense: Fianchetto Variation |  Saemisch Variation
C20,King's Pawn Game: Leonardis Variation
B33,Sicilian Defense: Open
B76,Sicilian Defense: Dragon Variation |  Yugoslav Attack |  Modern Line
A00,Crab Opening
B07,Rat Defense: Antal Defense
B20,Sicilian Defense: Lasker-Dunne Attack
B41,Sicilian Defense: Kan Variation
A81,Dutch Defense: Semi-Leningrad Variation
C46,Three Knights Opening: Winawer Defense
A73,Benoni Defense: Classical Variation |  Main Line
B90,Sicilian Defense: Najdorf Variation |  Adams Attack
C63,Ruy Lopez: Schliemann Defense |  Tartakower Variation
A00,Grob Opening: Spike Attack
A15,English Opening: Anglo-Indian Defense |  Scandinavian Defense |  Exchange Variation
E42,Nimzo-Indian Defense: Huebner Variation |  Rubinstein Variation
B33,Sicilian Defense: Lasker-Pelikan Variation |  Schlechter Variation
A57,Benko Gambit Accepted |  Modern Variation
B03,Alekhine Defense: Four Pawns Attack |  Fianchetto Variation
C14,French Defense: Classical Variation |  Alapin Variation
C41,Philidor Defense: Philidor Countergambit
A43,Benoni Defense: Cormorant Gambit
A00,Polish Opening: King's Indian Variation
B28,Sicilian Defense: O'Kelly Variation |  Venice System
E11,Bogo-Indian Defense: Nimzowitsch Variation
A10,English Opening: Anglo-Scandinavian Defense |  Loehn Gambit
C03,French Defense: Tarrasch Variation |  Modern System
C44,Scotch Game: Benima Defense
B01,Scandinavian Defense: Main Line |  Leonhardt Gambit
A65,Benoni Defense: King's Pawn Line
C13,French Defense: Alekhine-Chatard Attack |  Maroczy Variation
D00,Queen's Pawn Game
D00,Queen's Pawn Game: Huebsch Gambit
B27,Sicilian Defense: Hyperaccelerated Dragon
C66,Ruy Lopez: Berlin Defense |  Closed Wolf Variation
D70,Neo-Gruenfeld Defense: Non- or Delayed Fianchetto
C80,Ruy Lopez: Open Variations |  Open Variation
B29,Sicilian Defense: Nimzowitsch Variation |  Advance Variation
A04,Zukertort Opening: Arctic Defense
C00,French Defense: Knight Variation
B50,Sicilian Defense: Delayed Alapin
C34,King's Gambit Accepted |  MacLeod Defense
A15,English Opening: Anglo-Indian Defense |  Old Indian Formation
C26,Vienna Game: Mengarini Variation
B90,Sicilian Defense: Najdorf Variation
C46,Three Knights Opening: Schlechter Variation
E30,Nimzo-Indian Defense: Leningrad Variation
A50,Queen's Indian Accelerated
A84,Dutch Defense
B12,Caro-Kann Defense: Modern Variation
C55,Italian Game: Deutz Gambit
C22,Center Game: Paulsen Attack Variation
B00,Nimzowitsch Defense |  Declined Variation
B27,Sicilian Defense: Buecker Variation
A45,Indian Game: Omega Gambit
B00,Nimzowitsch Defense: Kennedy Variation |  Paulsen Attack
E33,Nimzo-Indian Defense: Classical Variation |  Zurich Variation
E11,Bogo-Indian Defense: Exchange Variation
A04,Zukertort Opening: Basman Defense
C57,Italian Game: Two Knights Defense |  Traxler Counterattack
C45,Scotch Game: Alekhine Gambit
A01,Nimzo-Larsen Attack: Classical Variation
C62,Ruy Lopez: Steinitz Defense |  Nimzowitsch Attack
C45,Scotch Game: Classical Variation
B02,Alekhine Defense: Scandinavian Variation |  Geschev Gambit
C02,French Defense: Advance |  Steinitz Variation
C46,Three Knights Opening: Steinitz Defense
A15,English Opening: Anglo-Indian Defense |  Scandinavian Defense
E95,King's Indian |  Orthodox |  7...Nbd7 8.Re1
D00,Blackmar-Diemer Gambit: Ryder Gambit
C57,Italian Game: Two Knights Defense |  Traxler Counterattack |  Knight Sacrifice Line
C42,Petrov's Defense #5
B00,Nimzowitsch Defense: Scandinavian Variation |  Bogoljubov Variation
B40,Sicilian Defense: Delayed Alapin Variation
C62,Ruy Lopez: Steinitz Defense
A18,English Opening: Mikenas-Carls Variation #2
D34,Tarrasch Defense: Classical Variation
B22,Sicilian Defense: Alapin Variation |  Stoltz Attack
A57,Benko Gambit Declined |  Quiet Line
D45,Semi-Slav Defense: Stoltz Variation
A10,English Opening: Anglo-Scandinavian Defense |  Schulz Gambit
B72,Sicilian Defense: Dragon Variation |  Classical Variation #2
B00,St. George Defense
C67,Ruy Lopez: Berlin Defense |  l'Hermet Variation
C02,French Defense: Advance Variation |  Paulsen Attack
B96,Sicilian Defense: Najdorf Variation |  Polugaevsky Variation
D30,Semi-Slav Defense: Quiet Variation
C42,Russian Game: Cochrane Gambit
C28,Vienna Game: Vienna Gambit
E92,King's Indian Defense: Exchange Variation
E01,Catalan Opening: Closed Variation
E20,Nimzo-Indian Defense #2
B00,Borg Defense: Borg Gambit
E40,Nimzo-Indian Defense: Normal Line
B29,Sicilian Defense: Nimzowitsch Variation |  Main Line
D06,Queen's Gambit
C11,French Defense: Steinitz Variation |  Boleslavsky Variation
B09,Pirc Defense: Austrian Attack |  Ljubojevic Variation
D18,Slav Defense: Czech Variation |  Classical System
C92,Ruy Lopez: Closed Variations
E97,King's Indian Defense: Orthodox Variation |  Aronin-Taimanov Defense
B00,Borg Defense
B07,Pirc Defense #3
C64,Ruy Lopez: Classical Variation
C23,Bishop's Opening: Lewis Gambit
C45,Scotch Game: Modern Defense
C34,King's Gambit Accepted |  Becker Defense
C42,Russian Game: Classical Attack |  Closed Variation
C45,Scotch Game: Malaniuk Variation
C74,Ruy Lopez: Morphy Defense |  Modern Steinitz Defense
C89,Ruy Lopez: Marshall Attack
A00,Polish Opening: Symmetrical Variation
A35,English Opening: Symmetrical Variation |  Four Knights Variation
B06,Modern Defense: Two Knights Variation |  Suttles Variation
B07,Pirc Defense #2
C41,Philidor Defense: Alapin-Blackburne Gambit
B40,Sicilian Defense: French Variation |  Westerinen Attack
B70,Sicilian Defense: Dragon Variation |  Fianchetto Variation
B03,Alekhine Defense #2
C40,King's Pawn Game: Damiano Defense
C52,Italian Game: Evans Gambit |  Main Line
D10,Slav Defense #2
D51,Queen's Gambit Declined: Capablanca |  Anti-Cambridge Springs Variation
B82,Sicilian Defense: Scheveningen Variation |  Matanovic Attack
C42,Russian Game: Moody Gambit
D32,Tarrasch Defense: Schara Gambit
B12,Caro-Kann Defense: Maroczy Variation
D50,Queen's Gambit Declined: Pseudo-Tarrasch Variation
D46,Semi-Slav Defense: Bogoljubov Variation
C10,French Defense: Marshall Variation
B02,Alekhine Defense: Steiner Variation
A57,Benko Gambit Declined |  Hjoerring Countergambit
C45,Scotch Game: Horwitz Attack
C70,Ruy Lopez: Morphy Defense |  Norwegian Variation
A36,English Opening: Symmetrical Variation |  Botvinnik System Reversed
B84,Sicilian Defense: Scheveningen Variation |  Classical Variation #2
A00,Polish Opening: Tartakower Gambit
A00,Mieses Opening
B48,Sicilian Defense: Paulsen Variation |  Bastrikov Variation
B29,Sicilian Defense: Nimzowitsch Variation |  Closed Variation
A02,Bird Opening: Sturm Gambit
A51,Budapest Defense: Fajarowicz Variation
E06,Catalan Opening: Closed Variation
C64,Ruy Lopez: Classical Variation |  Modern Main Line
D31,Semi-Slav Defense: Noteboom Variation |  Abrahams Variation
C54,Italian Game: Giuoco Piano |  Bernstein Variation
A06,Zukertort Opening: Reversed Mexican Defense
C44,Scotch Game: Vitzthum Attack
C60,Ruy Lopez: Rotary-Albany Gambit
A03,Bird Opening: Dutch Variation
D44,Queen's Gambit Declined: Vienna Variation
B07,King's Pawn Game: Philidor Gambit
C20,King's Pawn Game
A00,Sodium Attack
B21,Sicilian Defense: Smith-Morra Gambit Declined |  Wing Formation
D51,Queen's Gambit Declined: Westphalian Variation
B20,Sicilian Defense: Bowdler Attack
D46,Semi-Slav Defense: Romih Variation
D05,Rubinstein Opening: Bogoljubov Defense
C88,Ruy Lopez: Closed |  8.c3
A31,English Opening: Symmetrical Variation |  Anti-Benoni Variation
B03,Alekhine Defense: Four Pawns Attack |  Trifunovic Variation
A99,Dutch Defense: Classical Variation |  Ilyin-Zhenevsky Variation |  Modern Main Line
A67,Benoni Defense: Taimanov Variation
D01,Richter-Veresov Attack #2
D32,Tarrasch Defense
B77,Sicilian Defense: Dragon Variation |  Yugoslav Attack |  Main Line
A50,Slav Indian
C05,French Defense: Tarrasch Variation |  Pawn Center Variation
C67,Ruy Lopez: Berlin Defense |  Minckwitz Variation
B47,Sicilian Defense: Paulsen Variation |  Bastrikov Variation
D35,Queen's Gambit Declined: Exchange Variation |  Positional Variation
D00,Queen's Pawn Game #3
C00,French Defense: Steiner Variation
B07,King's Pawn Game: Maroczy Defense
C39,King's Gambit Accepted |  Kieseritzky Gambit |  Berlin Defense
C54,Italian Game: Giuoco Piano |  Greco's Attack
B13,Caro-Kann Defense: Panov Attack |  Modern Defense
B00,Guatemala Defense
B87,Sicilian Defense: Sozin Attack |  Flank Variation
B92,Sicilian Defense: Najdorf Variation |  Opocensky Variation |  Traditional Line
B20,Sicilian Defense: Brick Variation
A80,Dutch Defense: Omega-Isis Gambit
C40,King's Pawn Game: Busch-Gass Gambit
C57,Italian Game: Two Knights Defense |  Ulvestad Variation
A03,Bird Opening: Williams Gambit
C50,Italian Game: Hungarian Defense
B57,Sicilian Defense: Magnus Smith Trap
D17,Slav Defense: Czech Variation |  Wiesbaden Variation
A07,King's Indian Attack: Yugoslav Variation
B21,Sicilian Defense: McDonnell Attack |  Tal Gambit
A04,Zukertort Opening: Sicilian Invitation
B00,Nimzowitsch Defense: Scandinavian Variation |  Bogoljubov Variation |  Vehre Variation
D15,Slav Defense: Two Knights Attack
C70,Ruy Lopez: Morphy Defense |  Norwegian Variation |  Nightingale Gambit
B00,Ware Defense
B30,Sicilian Defense: Old Sicilian
B40,Sicilian Defense: Marshall Counterattack
D05,Colle System
A50,Mexican Defense
A00,Hungarian Opening
D48,Semi-Slav Defense: Meran Variation
C02,French Defense: Advance Variation |  Wade Variation
B27,Sicilian Defense: Jalalabad Variation
C21,Danish Gambit Declined |  Sorensen Defense
A00,Hungarian Opening: Slav Formation
D24,Queen's Gambit Accepted: Bogoljubov Defense
C50,Italian Game: Giuoco Pianissimo
D34,Tarrasch Defense: Classical Variation |  Carlsbad Variation
B06,Modern Defense
C55,Italian Game: Two Knights Defense |  de Riviere Gambit
B13,Caro-Kann Defense: Panov Attack |  Modern Defense |  Mieses Line
C21,Center Game: von der Lasa Gambit
C00,French Defense: Normal Variation
A04,Zukertort Opening: Ross Gambit
C55,Italian Game: Scotch Gambit
B01,Scandinavian Defense: Modern Variation #2
C21,Center Game: Ross Gambit
E12,Queen's Indian Defense
B22,Sicilian Defense: Alapin Variation
A00,Polish Opening: Grigorian Variation
C07,French Defense: Tarrasch Variation |  Open System |  Suechting Line
D11,Slav Defense: Modern
C50,Italian Game
E00,Kangaroo Defense
B57,Sicilian Defense: Modern Variations |  Main Line
A40,Englund Gambit Complex: Soller Gambit Deferred
A82,Dutch Defense: Staunton Gambit Accepted
B45,Sicilian Defense: Four Knights Variation
C88,Ruy Lopez: Noah's Ark Trap
C41,Philidor Defense: Lion Variation |  Lion's Claw II
A83,Dutch Defense: Staunton Gambit
C41,Philidor Defense
C39,King's Gambit Accepted: Allgaier |  Schlechter Defense
B02,Alekhine Defense: Mokele Mbembe |  Vavra Defense
E00,Amar Opening
C44,King's Knight Opening: Normal Variation
B00,Caro-Kann Defense: Hillbilly Attack
A04,Zukertort Opening: Quiet System
E12,Queen's Indian Defense: Kasparov Variation
A04,Zukertort Opening: Wade Defense
D30,Queen's Gambit Declined
C36,King's Gambit Accepted: Modern Defense #2
B81,Sicilian Defense: Scheveningen Variation |  Delayed Keres Attack
B02,Alekhine Defense: Brooklyn Variation
B00,Nimzowitsch Defense: Williams Variation
C57,Italian Game: Two Knights Defense |  Knight Attack |  Normal Variation
A48,London System
A13,English Opening: Agincourt Defense #2
C43,Russian Game: Modern Attack |  Center Variation
B10,Caro-Kann Defense
C60,Ruy Lopez: Alapin Defense
A41,Wade Defense
A49,Indian Game: Przepiorka Variation
E94,King's Indian Defense: Orthodox Variation |  Glek Defense
C18,French Defense: Winawer Variation |  Poisoned Pawn Variation
D00,Blackmar-Diemer Gambit #2
B07,Pirc Defense #5
C51,Italian Game: Evans Gambit Declined
E15,Queen's Indian Defense: Fianchetto Variation
B15,Caro-Kann Defense: Main Line
A00,Hungarian Opening: Catalan Formation
C57,Italian Game: Two Knights Defense |  Fritz Variation
D30,Queen's Gambit Declined: Vienna Variation
B00,Nimzowitsch Defense: Scandinavian Variation |  Exchange Variation
D21,Queen's Gambit Accepted: Slav Gambit
A00,Grob Opening: Grob Gambit |  Fritz Gambit
A08,King's Indian Attack: French Variation
A04,Zukertort Opening: Slav Invitation
C54,Italian Game: Classical Variation |  Greco Gambit |  Greco Variation
A01,Nimzo-Larsen Attack: Indian Variation
A40,English Defense #2
B07,Pirc Defense: Classical Variation #2
D00,Queen's Pawn Game: Veresov Attack |  Alburt Defense
D01,Queen's Pawn Game: Veresov Attack |  Boyce Defense
A00,Hungarian Opening: Symmetrical Variation
C26,Bishop's Opening: Vienna Hybrid |  Spielmann Attack
C50,Italian Game: Giuoco Pianissimo |  Canal Variation
C00,French Defense: La Bourdonnais Variation
C23,Bishop's Opening
C44,Scotch Game
E14,Queen's Indian Defense: Spassky System
B12,Caro-Kann Defense #2
C42,Russian Game: Three Knights Game
C10,French Defense: Rubinstein Variation
C22,Center Game: Berger Variation
C55,Italian Game: Two Knights Defense |  Open Variation
C57,Italian Game: Two Knights Defense |  Ponziani-Steinitz Gambit
B81,Sicilian Defense: Scheveningen Variation |  Keres Attack
B20,Sicilian Defense: Wing Gambit
C53,Italian Game: Classical Variation
D40,Queen's Gambit Declined: Semi-Tarrasch Defense
A01,Nimzo-Larsen Attack: Modern Variation #3
B10,Caro-Kann Defense: Euwe Attack
C02,French Defense: Advance Variation #3
B32,Sicilian Defense: Kalashnikov Variation
A36,English Opening: Symmetrical Variation |  Symmetrical Variation
C67,Ruy Lopez: Berlin Defense |  Rio de Janeiro Variation
D08,Queen's Gambit Refused: Albin Countergambit |  Normal Line
C79,Ruy Lopez: Morphy Defense |  Steinitz Deferred
B32,Sicilian Defense: Franco-Sicilian Variation
A40,Caro-Kann Defense: De Bruycker Defense
C69,Ruy Lopez: Exchange Variation |  Normal Variation
C21,Danish Gambit
B15,Caro-Kann Defense
A80,Dutch Defense: Hopton Attack
C02,French Defense: Advance Variation |  Euwe Variation
C43,Petrov: Modern Attack
B00,Nimzowitsch Defense: Scandinavian Variation |  Bogoljubov Variation |  Heinola-Deppe Gambit
C41,Philidor Defense: Exchange Variation
C45,Scotch Game: Paulsen Attack
A02,Bird Opening
A02,Bird Opening: From's Gambit
B33,Sicilian Defense: Lasker-Pelikan Variation
C66,Ruy Lopez: Berlin Defense |  Hedgehog Variation
D90,Gruenfeld Defense: Three Knights Variation
C48,Four Knights Game: Spanish Variation
B45,Sicilian Defense: Paulsen Variation |  Normal Variation
C70,Ruy Lopez: Morphy Defense |  Caro Variation
B00,Nimzowitsch Defense: French Connection
D30,Queen's Gambit Declined: Tarrasch Defense |  Pseudo-Tarrasch Bishop Attack
B58,Sicilian Defense: Classical Variation
E38,Nimzo-Indian Defense: Classical Variation |  Berlin Variation
D74,Neo-Gruenfeld Defense: Delayed Exchange Variation
A13,English Opening: Neo-Catalan
E50,Nimzo-Indian Defense: 4.e3 e8g8 |  5.Nf3 |  without ...d5
C48,Four Knights Game: Ranken Variation
B24,Sicilian Defense: Closed #2
C40,Elephant Gambit
C30,King's Gambit: Panteldakis Countergambit
A08,King's Indian Attack: Sicilian Variation
D32,Queen's Gambit Declined: Tarrasch Defense: 4.cxd5 exd5
C17,French Defense: Winawer Variation |  Advance Variation
C30,King's Gambit Declined |  Mafia Defense
B07,Lion Defense: Lion's Jaw
A25,English Opening: King's English Variation |  Reversed Closed Sicilian
B01,Scandinavian Defense: Anderssen Counterattack
D06,Queen's Gambit Refused: Chigorin Defense |  Modern Gambit
B73,Sicilian Defense: Dragon Variation |  Classical Variation #2
A52,Budapest Defense
E67,King's Indian Defense: Fianchetto Variation |  Debrecen Defense
D02,Queen's Gambit Refused: Baltic Defense |  Pseudo-Chigorin
C44,Scotch Game: Lolli Variation
C54,Italian Game: Classical Variation |  Greco Gambit |  Main Line
D26,Queen's Gambit Accepted: Normal Variation |  Traditional System
B34,Sicilian Defense: Accelerated Dragon
B11,Caro-Kann Defense: Two Knights Attack |  Mindeno Variation |  Retreat Line
B40,Sicilian Defense: Drazic Variation
C60,Ruy Lopez
D55,Queen's Gambit Declined: Modern Variation |  Normal Line
B01,Scandinavian Defense: Marshall Variation
A21,English Opening: King's English Variation |  Reversed Sicilian
D26,Queen's Gambit Accepted: Classical Defense |  Steinitz Variation |  Exchange Variation
A00,Saragossa Opening
C21,Center Game
D44,Semi-Slav Defense: Anti-Moscow Gambit
C91,Ruy Lopez: Closed Variations |  Bogoljubov Variation
C40,Latvian Gambit Accepted |  Bilguer Variation
B07,Czech Defense
B20,Sicilian Defense: Wing Gambit |  Carlsbad Variation
B72,Sicilian Defense: Dragon |  Classical Attack
E67,King's Indian Defense: Fianchetto Variation |  Classical Fianchetto
D02,Queen's Pawn Game: Zukertort Variation
E20,Nimzo-Indian Defense: Kmoch Variation
C02,French Defense: Advance Variation |  Main Line
B76,Sicilian Defense: Dragon Variation |  Yugoslav Attack |  Belezky Line
E77,King's Indian Defense: Six Pawns Attack
B03,Alekhine Defense: Four Pawns Attack |  Main Line
E76,King's Indian Defense: Four Pawns Attack
A00,Anderssen Opening
B28,Sicilian Defense: O'Kelly Variation |  Maroczy Bind |  Paulsen Line
C21,Danish Gambit Accepted
E61,King's Indian Defense: Smyslov Variation
C10,French Defense: Rubinstein Variation |  Fort Knox Variation
C50,Four Knights Game: Italian Variation
B52,Sicilian Defense: Canal-Sokolsky Attack |  Sokolsky Variation
D20,Queen's Gambit Accepted: Schwartz Defense
C63,Ruy Lopez: Schliemann Defense
C21,Danish Gambit Accepted |  Schlechter Defense
D06,Queen's Gambit Refused: Austrian Defense
C36,King's Gambit Accepted |  Abbazia Defense
C10,French Defense: Classical Variation |  Svenonius Variation
B42,Sicilian Defense: Kan Variation |  Polugaevsky Variation
B01,Scandinavian Defense: Panov Transfer
E88,King's Indian Defense: Saemisch Variation |  Closed Variation |  7...c6
B92,Sicilian Defense: Najdorf Variation |  Opocensky Variation
C10,French Defense: Rubinstein Variation |  Kasparov Attack
C01,French Defense: Perseus Gambit
B01,Scandinavian Defense: Zilbermints Gambit
C10,French Defense: Rubinstein Variation |  Blackburne Defense
B90,Sicilian Defense: Najdorf |  Lipnitsky Attack
B00,Barnes Defense
A45,Indian Game: Reversed Chigorin Defense
B74,Sicilian Defense: Dragon Variation |  Classical Variation |  Normal Line
B01,Scandinavian Defense: Anderssen Counterattack |  Goteborg System
D41,Queen's Gambit Declined: Semi-Tarrasch |  5.cxd5
B21,Sicilian Defense: Smith-Morra Gambit Declined |  Alapin Formation
A01,Nimzo-Larsen Attack: Spike Variation
D32,Tarrasch Defense: Two Knights Variation
D24,Queen's Gambit Accepted: Showalter Variation
C15,French Defense: Winawer Variation |  Winckelmann-Riemer Gambit
B12,Caro-Kann Defense: Maroczy Variation |  Maroczy Gambit
C18,French Defense: Winawer Variation |  Maroczy-Wallis Variation
B78,Sicilian Defense: Dragon Variation |  Yugoslav Attack |  Old Line
A40,Englund Gambit Complex Declined
C60,Ruy Lopez: Cozio Defense |  Paulsen Variation
B12,Caro-Kann Defense: Advance Variation |  Tal Variation
D53,Queen's Gambit Declined: 4.Bg5 Be7 |  5.e3 O-O
A00,Polish Opening: Baltic Defense
A22,English Opening: King's English Variation |  Two Knights Variation |  Reversed Dragon
C68,Ruy Lopez: Exchange Variation
B32,Sicilian Defense: Nimzo-American Variation
E60,King's Indian Defense: Normal Variation |  King's Knight Variation
C51,Italian Game: Evans Gambit
A44,Semi-Bononi
A46,Indian Game: Wade-Tartakower Defense
B45,Sicilian Defense: Four Knights Variation |  Exchange Variation
B20,King's Pawn Opening: Speers
A97,Dutch Defense: Ilyin-Zhenevsky |  Winter Variation
B01,Scandinavian Defense: Modern Variation
C55,Italian Game: Scotch Gambit Declined
A46,Doery Defense
E73,King's Indian Defense: Averbakh Variation |  Flexible Defense
A58,Benko Gambit Accepted |  Fianchetto Variation
D81,Gruenfeld Defense: Russian Variation |  Accelerated Variation
B07,Lion Defense: Anti-Philidor |  Lion's Cave
C00,French Defense: Pelikan Variation
A02,System: Double Duck Formation
E15,Queen's Indian Defense: Fianchetto Variation |  Nimzowitsch Variation
C51,Italian Game: Evans Gambit |  Stone-Ware Variation
E17,Queen's Indian Defense: Classical Variation
A84,Dutch Defense: Classical Variation
B07,Pirc Defense: Byrne Variation
C31,King's Gambit |  Falkbeer Countergambit |  Miles Gambit
A43,Benoni Defense: Benoni-Indian Defense |  Kingside Move Order
D22,Queen's Gambit Accepted: Alekhine Defense |  Haberditz Variation
D07,Queen's Gambit Refused: Chigorin Defense |  Exchange Variation
D31,Semi-Slav Defense: Marshall Gambit |  Main Line
A46,Torre Attack #2
C25,Vienna Game: Vienna Gambit
C77,Ruy Lopez: Morphy Defense |  Mackenzie Variation
B04,Alekhine Defense: Modern Variation |  Larsen-Haakert Variation
C83,Ruy Lopez: Open Variations |  Classical Defense
D00,Queen's Pawn Game: Levitsky Attack
C30,King's Gambit Declined: Keene's Defense #2
C27,Vienna Game
D01,Queen's Pawn Game: Veresov Attack |  Veresov Variation
D15,Slav Defense: Alekhine Variation
B33,Sicilian Defense: Lasker-Pelikan Variation |  Exchange Variation
A53,Old Indian: Czech Variation |  with Nc3
B33,Sicilian Defense: Lasker-Pelikan Variation |  Bird Variation
A10,English Opening: Anglo-Scandinavian Defense
C44,Ponziani Opening: Romanishin Variation
C30,King's Gambit Declined |  Miles Defense
B04,Alekhine Defense: Modern Variation |  Larsen Variation
A01,Nimzo-Larsen Attack: Dutch Variation
C80,Ruy Lopez: Open Variations
A00,Kadas Opening
C25,Vienna Game: Max Lange Defense
E60,Indian Game: Anti-Gruenfeld |  Advance Variation
C01,French Defense: Exchange Variation
D00,Blackmar-Diemer Gambit: Pietrowsky Defense
B21,Sicilian Defense: Smith-Morra Gambit Accepted |  Scheveningen Formation
D80,Gruenfeld Defense
B40,Sicilian Defense: French Variation
B77,Sicilian Defense: Dragon Variation |  Yugoslav Attack |  Sosonko Variation
C60,Ruy Lopez: Nuernberg Variation
A00,Hungarian Opening: Reversed Modern Defense
C91,Ruy Lopez: Closed Variations |  Yates Variation
C07,French Defense: Tarrasch Variation |  Chistyakov Defense |  Modern Line
C63,Ruy Lopez: Schliemann Defense |  Exchange Variation
E73,King's Indian Defense: Averbakh Variation |  Modern Defense
A45,Trompowsky Attack: Classical Defense
D30,Queen's Gambit Declined: Traditional Variation
A00,Hungarian Opening: Buecker Gambit
A45,Paleface Attack
C71,Ruy Lopez: Morphy Defense |  Modern Steinitz Defense #2
C59,Italian Game: Two Knights Defense |  Polerio Defense |  Suhle Defense
B13,Caro-Kann Defense: Panov Attack #2
B95,Sicilian Defense: Najdorf Variation
A45,Indian Game: Paleface Attack |  Blackmar-Diemer Gambit Deferred
D52,Queen's Gambit Declined: Cambridge Springs Variation
D11,Slav Defense: Quiet Variation
B57,Sicilian Defense: Classical Variation |  Anti-Sozin Variation
C58,Italian Game: Two Knights Defense |  Polerio Defense |  Kieseritzky Variation
C42,Russian Game: Cozio (Lasker) Attack
E00,Indian Game: Seirawan Attack
C53,Italian Game: Classical Variation |  Greco Gambit
A13,English Opening: Agincourt Defense
B01,Scandinavian Defense: Anderssen Counterattack |  Collijn Variation
B90,Sicilian Defense: Najdorf Variation |  English Attack |  Anti-English
D07,Queen's Gambit Refused: Chigorin Defense
D02,Queen's Pawn Game: London System
D00,Queen's Pawn Game: Chigorin Variation
C65,Ruy Lopez: Berlin Defense |  Fishing Pole Variation
A00,Van't Kruijs Opening
D60,Queen's Gambit Declined: Orthodox Defense |  Botvinnik Variation
B00,Goldsmith Defense: Picklepuss Defense
B20,Sicilian Defense: Keres Variation
B09,Pirc Defense: Austrian Attack |  Unzicker Attack
D50,Queen's Gambit Declined: Been-Koomen Variation
B32,Sicilian Defense: Open
D45,Semi-Slav Defense: Main Line
B44,Sicilian Defense: Paulsen Variation |  Szen Variation
B94,Sicilian Defense: Najdorf Variation
A71,Benoni Defense: Classical Variation |  Averbakh-Grivas Attack
B13,Caro-Kann Defense: Exchange Variation |  Rubinstein Variation
A39,English Opening: Symmetrical Variation |  Mecking Variation
A00,Polish Opening: Outflank Variation
C26,Vienna Game: Falkbeer Variation
E59,Nimzo-Indian Defense: Normal Variation |  Bernstein Defense
A80,Queen's Pawn Game: Veresov Attack |  Dutch System
C18,French Defense: Winawer Variation |  Retreat Variation
A04,Zukertort Opening: Pirc Invitation
D86,Gruenfeld Defense: Exchange Variation |  Classical Variation
A00,Valencia Opening
B24,Sicilian Defense: Closed Variation |  Fianchetto Variation
A00,Polish Opening: Schiffler-Sokolsky Variation
B00,Nimzowitsch Defense: Kennedy Variation |  Keres Attack
B06,Modern Defense: Norwegian Defense
B08,Pirc Defense: Classical Variation |  Schlechter Variation
A28,English Opening: King's English Variation |  Four Knights Variation |  Flexible Line
C34,King's Gambit Accepted |  Schallopp Defense
B10,Caro-Kann Defense: Massachusetts Defense
A28,English Opening: King's English Variation |  Four Knights Variation |  Korchnoi Line
A16,English Opening: Anglo-Gruenfeld Defense
B78,Sicilian Defense: Dragon Variation |  Yugoslav Attack
B71,Sicilian Defense: Dragon Variation |  Levenfish Variation |  Main Line
A40,Mikenas Defense: Lithuanian Variation
A46,Yusupov-Rubinstein System
D08,Queen's Gambit Refused: Albin Countergambit |  Lasker Trap
A04,Zukertort Opening: Dutch Variation
A28,English Opening: King's English Variation |  Four Knights Variation |  Quiet Line #3
C45,Scotch Game: Mieses Variation
C41,Philidor Defense: Nimzowitsch Variation |  Klein Variation
D77,Neo-Gruenfeld Defense: Classical Variation
B73,Sicilian Defense: Dragon Variation |  Classical Variation
A09,Reti Opening: Reti Accepted
B13,Caro-Kann Defense: Exchange Variation
C65,Ruy Lopez: Berlin Defense: Mortimer Trap
D46,Semi-Slav Defense: Chigorin Defense
A04,Zukertort Opening: Lisitsyn Gambit
A57,Benko Gambit
C30,King's Gambit Declined |  Norwalde Variation
C30,King's Gambit Declined |  Keene Defense
B56,Sicilian Defense: Spielmann Variation
B20,Sicilian Defense: Myers Attack
B35,Sicilian Defense: Accelerated Dragon |  Modern Bc4 Variation
C74,Ruy Lopez: Morphy Defense |  Jaffe Gambit
A10,English Opening: Anglo-Dutch Defense
A04,Zukertort Opening: Queen's Gambit Invitation
B01,Scandinavian Defense: Main Line |  Mieses Variation
B38,Sicilian Defense: Accelerated Dragon |  Maroczy Bind
C37,King's Gambit Accepted: King Knight's Gambit
A00,Van Geet Opening: Reversed Nimzowitsch
D00,Amazon Attack: Siberian Attack
A04,Polish Opening: Zukertort System
B00,Nimzowitsch Defense
A57,Benko Gambit Declined |  Main Line
C00,French Defense: Horwitz Attack
A00,Van Geet Opening: Napoleon Attack
A43,Benoni Defense: Benoni Gambit Accepted
D56,Queen's Gambit Declined: Lasker Defense
B00,Goldsmith Defense
B11,Caro-Kann Defense: Two Knights Attack |  Mindeno Variation
B00,Owen Defense: Smith Gambit
A40,Queen's Pawn
A60,Benoni Defense: Modern Variation |  Snake Variation
C40,Latvian Gambit Accepted |  Main Line
C30,King's Gambit Declined |  Queen's Knight Defense
B40,Sicilian Defense: French Variation |  Open
B31,Sicilian Defense: Nyezhmetdinov-Rossolimo Attack |  Fianchetto Variation
C20,King's Pawn Opening: 2.b3
E34,Nimzo-Indian Defense: Classical Variation |  Noa Variation
B86,Sicilian Defense: Sozin Attack
C64,Ruy Lopez: Classical Variation |  Zukertort Gambit
C20,King's Pawn Game: Macleod Attack
B00,Duras Gambit
B75,Sicilian Defense: Dragon Variation |  Yugoslav Attack |  Early Deviations
A06,Reti Opening
C24,Bishop's Opening: Ponziani Gambit
D45,Semi-Slav Defense: Normal Variation
A22,English Opening: Carls-Bremen System
C03,French Defense: Tarrasch Variation
A40,Modern Defense: Beefeater Variation
E47,Nimzo-Indian Defense: Normal Variation |  Bishop Attack
C55,Italian Game: Two Knights Defense |  Perreux Variation
A17,English Opening: Anglo-Indian Defense |  Hedgehog System
B22,Sicilian Defense: Alapin Variation |  Barmen Defense
C41,Philidor Defense: Hanham Variation |  Krause Variation
B21,Sicilian Defense: Smith-Morra Gambit Accepted |  Paulsen Formation
D20,Queen's Gambit Accepted
A45,Indian Game
C88,Ruy Lopez: Closed |  Anti-Marshall 8.a4
C69,Ruy Lopez: Exchange Variation |  Bronstein Variation
C57,Italian Game: Two Knights Defense |  Polerio Defense
A28,English Opening: King's English Variation |  Four Knights Variation #2
A15,English Opening: Anglo-Indian Defense
C66,Ruy Lopez: Berlin Defense |  Closed Bernstein Variation
C23,Bishop's Opening: Philidor Variation
A54,Old Indian Defense: Tartakower-Indian
C44,Scotch Game: Goering Gambit |  Double Pawn Sacrifice
D00,Queen's Pawn Game #2
A70,Benoni Defense: Classical Variation |  New York Variation
B53,Sicilian Defense: Chekhover Variation
D57,Queen's Gambit Declined: Tartakower Variation |  Exchange Variation
B20,Sicilian Defense: Mengarini Variation
C44,Ponziani Opening
A01,Nimzo-Larsen Attack: Modern Variation
E15,Queen's Indian Defense: Fianchetto Traditional
D95,Gruenfeld Defense: Botvinnik Variation
A00,Barnes Opening: Walkerling
C21,Danish Gambit Accepted |  Copenhagen Defense
D02,Queen's Gambit Refused: Baltic Defense
C11,French Defense: Classical Variation
C66,Ruy Lopez: Berlin Defense |  Improved Steinitz Defense
D92,Gruenfeld Defense: Three Knights Variation |  Hungarian Attack
B12,Caro-Kann Defense: Advance Variation |  Bronstein Variation
B01,Scandinavian Defense: Blackburne Gambit
E94,King's Indian Defense: Orthodox Variation |  Donner Defense
B00,King's Pawn Game: Nimzowitsch Defense
C92,Ruy Lopez: Closed Variations |  Flohr System
E12,Queen's Indian Defense: Kasparov-Petrosian Variation |  Marco Defense
B32,Sicilian Defense: Open #2
B57,Sicilian Defense: Sozin |  not Scheveningen
D00,Queen's Pawn Game: Zurich Gambit
C38,King's Gambit Accepted |  Greco Gambit
D01,Richter-Veresov Attack
A16,English Opening: Anglo-Indian Defense |  Queen's Knight Variation
A10,English Opening: Anglo-Lithuanian Variation
B06,Modern Defense: Bishop Attack
D26,Queen's Gambit Accepted: Classical Defense
D52,Queen's Gambit Declined: Cambridge Springs Defense: Capablanca Variation
B40,Sicilian Defense: Kveinis Variation
E20,Nimzo-Indian Defense: Ragozin Variation
C45,Scotch Game: Schmidt Variation
D00,Blackmar-Diemer Gambit: Gedult Gambit
A29,English Opening: King's English Variation |  Four Knights Variation |  Fianchetto Line
D00,Blackmar-Diemer Gambit: Netherlands Variation
C42,Russian Game: Classical Attack |  Staunton Variation
B00,Lemming Defense
B98,Sicilian Defense: Najdorf Variation
A04,Zukertort Opening: Vos Gambit
B28,Sicilian Defense: Double-Dutch Gambit
C40,Elephant Gambit: Paulsen Countergambit
C42,Russian Game: French Attack
A00,Polish Opening: Czech Defense
A43,Old Benoni Defense
B28,Sicilian Defense: O'Kelly Variation |  Reti System
C04,French Defense: Tarrasch Variation |  Guimard Defense |  Main Line
A40,Englund Gambit Declined |  Reversed Alekhine
A12,Reti Opening: Anglo-Slav Variation |  Bogoljubov Variation |  III
C21,King's Pawn Game: Beyer Gambit
A10,English Opening: Achilles-Omega Gambit
B91,Sicilian Defense: Najdorf Variation |  Zagreb (Fianchetto) Variation
A80,Dutch Defense
D21,Queen's Gambit Accepted: Gunsberg Defense
B21,Sicilian Defense: Smith-Morra Gambit Declined |  Push Variation
C20,King's Pawn Game: Wayward Queen Attack
A07,King's Indian Attack
B19,Caro-Kann Defense: Classical |  7...Nd7
C21,Center Game #2
A06,Zukertort Opening: Tennison Gambit
C78,Ruy Lopez: Morphy Defense
C40,Gunderam Defense
C33,King's Gambit Accepted |  Bishop's Gambit
D04,Queen's Pawn Game: Colle System
A00,Global Opening
A41,Queen's Pawn
C20,King's Pawn Game: Alapin Opening
C60,Ruy Lopez: Spanish Countergambit
A04,Zukertort Opening: Nimzo-Larsen Variation
C44,Scotch Game: Scotch Gambit
C21,Center Game: Kieseritzky Variation #3
C00,French Defense: La Bourdonnais Variation |  Reuter Gambit
B00,Nimzowitsch Defense: Scandinavian Variation |  Advance Variation
B36,Sicilian Defense: Accelerated Dragon
C80,Ruy Lopez: Open Variations |  Riga Variation
E18,Queen's Indian Defense: Classical Variation |  Traditional Variation |  Nimzowitsch Line
B07,Rat Defense: Accelerated Gurgenidze
B07,Pirc Defense
A57,Benoni Defense: Hromadka System
E70,King's Indian Defense: Normal Variation
C11,French Defense: Classical Variation |  Steinitz Variation
A01,Nimzo-Larsen Attack
C52,Italian Game: Evans Gambit |  Slow Variation
A91,Dutch Defense: Classical Variation
C37,King's Gambit Accepted |  Rosentreter Gambit
C59,Italian Game: Two Knights Defense |  Steinitz Variation
B30,Sicilian Defense: Nyezhmetdinov-Rossolimo Attack
B05,Alekhine Defense: Modern Variation |  Main Line
D00,Queen's Pawn Game: Veresov Attack |  Anti-Veresov
A46,Indian Game: London System
D58,Queen's Gambit Declined: Tartakower Defense
A40,Borg Defense: Borg Gambit
C20,King's Pawn Game: Clam Variation |  King's Gambit Reversed
C51,Italian Game: Evans Gambit Declined |  5.a4
D55,Queen's Gambit Declined: Neo-Orthodox Variation |  Main Line
D20,Queen's Gambit Accepted: Central Variation |  McDonnell Defense |  Somov Gambit
A01,Nimzo-Larsen Attack: Symmetrical Variation
A40,Queen's Pawn Game: Englund Gambit
E87,King's Indian Defense: Saemisch Variation |  Closed Variation
C17,French Defense: Winawer Variation |  Bogoljubov Variation
B01,Scandinavian Defense: Icelandic-Palme Gambit
A05,King's Indian Attack: Wahls Defense
B02,Alekhine Defense: Two Pawn Attack
E94,King's Indian Defense: Orthodox Variation |  Ukrainian Defense
E90,King's Indian Defense: Zinnowitz Variation
B40,Sicilian Defense: Smith-Morra Gambit Deferred
A48,Queen's Pawn Game: Colle System |  Gruenfeld Formation
B20,Sicilian Defense: Kronberger Variation
C71,Ruy Lopez: Noah's Ark Trap
C58,Italian Game: Two Knights Defense |  Polerio Defense |  Bogoljubov Variation
A43,Benoni Defense: Benoni-Indian Defense
C45,Scotch Game: Classical Variation |  Intermezzo Variation
B02,Alekhine Defense: Mokele Mbembe
C53,Italian Game: Classical Variation |  Center Holding Variation
A05,King's Indian Attack: Symmetrical Defense
A85,Dutch Defense: Queen's Knight Variation
C43,Russian Game: Modern Attack |  Murrey Variation
C49,Four Knights Game: Double Spanish
B21,Sicilian Defense: Smith-Morra Gambit Declined |  Scandinavian Formation
B10,Caro-Kann Defense: Breyer Variation
D35,Queen's Gambit Declined: Exchange Variation
C53,Italian Game: Bird's Attack
A49,East Indian Defense
B12,Slav Defense: Diemer Gambit
D55,Queen's Gambit Declined: Anti-Tartakower Variation
C27,Bishop's Opening: Boden-Kieseritzky Gambit
A04,Zukertort Opening: Polish Defense
E61,King's Indian Defense: Semi-Classical Variation |  Benoni Variation
A00,Ware Opening
B12,Caro-Kann Defense: Advance Variation |  Botvinnik-Carls Defense
B17,Caro-Kann Defense: Karpov Variation |  Tiviakov-Fischer Attack
B23,Sicilian Defense: Grand Prix Attack
D05,Rubinstein Opening
A40,Polish Defense
B12,Caro-Kann Defense: Advance Variation
D10,Slav Defense: Exchange Variation
B50,Sicilian Defense: Modern Variations |  Anti-Qxd4 Move Order
C37,King's Gambit Accepted |  Salvio Gambit
C42,Russian Game: Paulsen Attack
B71,Sicilian Defense: Dragon Variation |  Levenfish Variation
C41,Philidor Defense: Nimzowitsch Variation #2
A80,Dutch Defense: Raphael Variation
A14,English Opening: Agincourt Defense |  Neo-Catalan Declined
B50,Sicilian Defense
A38,English Opening: Symmetrical Variation |  Duchamp Variation
B01,Scandinavian Defense: Main Line
A04,Zukertort Opening: The Walrus
C44,Scotch Game: Scotch Gambit |  London Defense
D35,Queen's Gambit Declined: Normal Defense
A59,Benko Gambit Accepted |  Yugoslav |  without 7...Bxf1
C01,French Defense: Franco-Hiva Gambit I Accepted
B23,Sicilian Defense: Closed
C20,King's Pawn Game: King's Head Opening #2
D00,Blackmar-Diemer Gambit: Zeller Defense
A04,Zukertort Opening
C42,Russian Game: Nimzowitsch Attack
D00,Blackmar-Diemer Gambit: Tartakower Variation
A42,Modern Defense: Averbakh Variation
C26,Vienna Game: Stanley Variation
B01,Scandinavian Defense: Kiel Variation
B00,Nimzowitsch Defense: Lean Variation |  Colorado Counter Accepted
D02,Queen's Pawn Game: Chigorin Variation
B23,Sicilian Defense: Closed Variation
B07,Pirc Defense #4
E76,King's Indian Defense: Steiner Attack
C78,Ruy Lopez: Morphy Defense |  Arkhangelsk Variation
C17,French Defense: Winawer Variation |  Advance Variation |  Moscow Variation
D70,Neo-Gruenfeld Defense
C09,French Defense: Tarrasch Variation |  Open System |  Main Line
E01,Catalan Opening
A04,Zukertort Opening: Queenside Fianchetto Variation
B42,Sicilian Defense: Kan Variation |  Modern Variation
C00,French Defense: Franco-Hiva Gambit II
C94,Ruy Lopez: Morphy Defense |  Breyer Defense |  Quiet Variation
B40,Sicilian Defense: Paulsen-Basman Defense
D00,Blackmar-Diemer Gambit: Teichmann Variation
C11,French Defense: Steinitz Variation #2
B32,Sicilian Defense: Loewenthal Variation
B92,Sicilian Defense: Najdorf Variation |  Opocensky Variation |  Modern Line
A22,English Opening: King's English Variation |  Two Knights Variation |  Smyslov System
B22,Sicilian Defense: Alapin Variation |  Smith-Morra Declined
B80,Sicilian Defense: Scheveningen Variation |  Vitolins Variation
A43,Old Benoni Defense #2
A15,English Opening: Anglo-Indian Defense |  King's Knight Variation
A53,Old Indian: Czech Variation
D07,Queen's Gambit Refused: Chigorin Defense |  Main Line
E17,Queen's Indian Defense: Classical Variation |  Traditional Variation
C65,Ruy Lopez: Berlin Defense #2
C78,Ruy Lopez: Morphy Defense #2
C80,Ruy Lopez: Open |  6.d4
E90,King's Indian Defense: Normal Variation |  Rare Defenses
C11,French Defense: Burn Variation
C17,French Defense: Winawer Variation |  Advance Variation #3
D50,Queen's Gambit Declined: Modern Variation
C20,Portuguese Opening: Portuguese Gambit
B29,Sicilian Defense: Nimzowitsch Variation
A40,Englund Gambit Complex: Felbecker Gambit
D30,Queen's Gambit Declined: Tarrasch Defense |  Pseudo-Tarrasch
C15,French Defense: Winawer Variation |  Fingerslip Variation
C51,Italian Game: Evans Gambit |  McDonnell Defense
C68,Ruy Lopez: Exchange Variation |  Alekhine Variation
D20,Queen's Gambit Accepted: Central Variation |  Greco Variation
D15,Slav Defense: Chameleon Variation
C15,French Defense: Winawer Variation
B27,Sicilian Defense: Quinteros Variation
A17,English Opening: Anglo-Indian Defense |  Anti-Anti-Gruenfeld
E97,King's Indian Defense: Orthodox Variation |  Bayonet Attack
B21,Sicilian Defense: Smith-Morra Gambit #2
C67,Ruy Lopez: Berlin Defense |  Rio Gambit Accepted
C45,Scotch Game: Scotch Gambit |  Advance Variation
A15,English Opening: Anglo-Indian Defense |  King's Indian Formation
A40,Englund Gambit Declined |  Reversed French
C01,French Defense: Franco-Hiva Gambit I
B00,Nimzowitsch Defense: Franco-Nimzowitsch Variation
C50,Italian Game: Rousseau Gambit
B22,Sicilian Defense: Alapin Variation |  Barmen Defense |  Central Exchange
C29,Vienna Game: Vienna Gambit |  Main Line
C42,Russian Game: Stafford Gambit
A00,Van Geet Opening: Sicilian Two Knights
B06,Modern Defense: Standard Line
A49,Zukertort Opening: Double Fianchetto Attack
C33,King's Gambit Accepted |  Bishop's Gambit |  Lopez Defense
D08,Queen's Gambit Refused: Albin Countergambit
B21,Sicilian Defense: Smith-Morra Gambit Accepted |  Pin Defense
B18,Caro-Kann Defense: Classical Variation
C44,Ponziani Opening: Spanish Variation
D03,Queen's Pawn Game: Torre Attack
B00,Nimzowitsch Defense: Breyer Variation
D32,Tarrasch Defense: Symmetrical Variation
B35,Sicilian Defense: Dragon Variation |  Modern Bc4 Variation
B46,Sicilian Defense: Paulsen Variation
A20,English Opening: King's English Variation |  Nimzowitsch-Flohr Variation
A00,Grob Opening: Grob Gambit
A06,Zukertort Opening: Santasiere's Folly
D10,Slav Defense: Winawer Countergambit
B15,Caro-Kann Defense: Gurgenidze System
B56,Sicilian Defense: Kupreichik Variation
C77,Ruy Lopez: Morphy Defense |  Anderssen Variation
D10,Slav Defense: Slav Gambit |  Alekhine Attack
C37,King's Gambit Accepted |  Rosentreter-Testa Gambit
C88,Ruy Lopez: Closed |  7...O-O
C02,French Defense: Advance Variation #2
C61,Ruy Lopez: Bird Variation
C70,Ruy Lopez: Morphy Defense |  Schliemann Defense Deferred
D02,Queen's Pawn Game: Anti-Torre
D00,Queen's Pawn Opening: Veresov |  Richter Attack
C21,Center Game: Lanc-Arnold Gambit |  Schippler Gambit
E11,Bogo-Indian Defense: Wade-Smyslov Variation
A00,Hungarian Opening: Reversed Alekhine
